FileName,lrs-gmp.js,lrs-minigmp.js,hybrid-gmp.js,hybrid-minigmp.js
c30-15.ext,966069.4000000358,1191451.9000000358,948973.6000000238,1265810.5