FileName,lrs-gmp.js,lrs-minigmp.js,hybrid-gmp.js,hybrid-minigmp.js
c30-15.ext,821.3772000000001,1023.7157000000011,837.3118000000007,1018.9524000000004