FileName,lrs-minigmp.js,hybrid-minigmp.js
fq48-19lrs.ine,2709138.899999976,361739
vf900.ext,1992629.3999999762,335815.39999997616
mit.ine,9558138.5,1766973.6000000238