FileName,lrs-gmp.js,lrs-minigmp.js,hybrid-gmp.js,hybrid-minigmp.js
c30-15.ext,349.7835,479.18619999999993,342.57180000000005,477.1747000000002