FileName,lrs-gmp.js,lrs-minigmp.js,hybrid-gmp.js,hybrid-minigmp.js
c30-15.ext,924905.8000000119,1188492.6000000238,1005696.5,1245522.2999999523